{"cameraMode":{"drawMode":0,"name":"Shaded","section":"Shading Mode"},"sceneLighting":true,"audioPlay":false,"sceneViewState":{"showFog":true,"showMaterialUpdate":false,"showSkybox":true,"showFlares":true,"showImageEffects":true,"showParticleSystems":true},"in2DMode":false,"pivot":{"x":-7.351950168609619,"y":-6.187715530395508,"z":3.3280081748962404},"rotation":{"x":-0.19354340434074403,"y":0.1398564577102661,"z":-0.027885640040040017,"w":-0.9706752300262451},"size":11.79708480834961,"orthographic":false}