{"cameraMode":{"drawMode":0,"name":"Shaded","section":"Shading Mode"},"sceneLighting":true,"audioPlay":false,"sceneViewState":{"showFog":true,"showMaterialUpdate":true,"showSkybox":true,"showFlares":true,"showImageEffects":true,"showParticleSystems":true},"in2DMode":false,"pivot":{"x":-0.5680466294288635,"y":2.8811161518096926,"z":-1.4845694303512574},"rotation":{"x":-0.45067548751831057,"y":-0.2161576896905899,"z":0.11340793967247009,"w":-0.8587000966072083},"size":0.6390911340713501,"orthographic":false}